Fst,dxy,segsites1,segsites2,pi1,pi2,tajima1,tajima2
0.21341428024826015,0.09782663999999873,0.3797,0.1013,0.09135567346938553,0.03547493877551051,0.284715467675643,2.0788208139138997
